motion_coherence,prior_std,reference,bin_left_deg,bin_right_deg,bin_center_deg,count,proportion
0.06,10.0,stimulus,-180.0,-165.0,-172.5,33,0.004058042302016724
0.06,10.0,stimulus,-165.0,-150.0,-157.5,14,0.001721593703885883
0.06,10.0,stimulus,-150.0,-135.0,-142.5,26,0.0031972454500737825
0.06,10.0,stimulus,-135.0,-120.0,-127.5,26,0.0031972454500737825
0.06,10.0,stimulus,-120.0,-105.0,-112.5,22,0.0027053615346778162
0.06,10.0,stimulus,-105.0,-90.0,-97.5,25,0.003074274471224791
0.06,10.0,stimulus,-90.0,-75.0,-82.5,38,0.004672897196261682
0.06,10.0,stimulus,-75.0,-60.0,-67.5,69,0.008484997540580424
0.06,10.0,stimulus,-60.0,-45.0,-52.5,108,0.013280865715691098
0.06,10.0,stimulus,-45.0,-30.0,-37.5,298,0.036645351696999506
0.06,10.0,stimulus,-30.0,-15.0,-22.5,1031,0.1267830791933104
0.06,10.0,stimulus,-15.0,0.0,-7.5,2316,0.28480078701426464
0.06,10.0,stimulus,0.0,15.0,7.5,2372,0.29168716182980814
0.06,10.0,stimulus,15.0,30.0,22.5,1065,0.1309640924741761
0.06,10.0,stimulus,30.0,45.0,37.5,370,0.045499262174126906
0.06,10.0,stimulus,45.0,60.0,52.5,133,0.016355140186915886
0.06,10.0,stimulus,60.0,75.0,67.5,53,0.0065174618789965565
0.06,10.0,stimulus,75.0,90.0,82.5,46,0.005656665027053615
0.06,10.0,stimulus,90.0,105.0,97.5,19,0.002336448598130841
0.06,10.0,stimulus,105.0,120.0,112.5,14,0.001721593703885883
0.06,10.0,stimulus,120.0,135.0,127.5,14,0.001721593703885883
0.06,10.0,stimulus,135.0,150.0,142.5,10,0.0012297097884899164
0.06,10.0,stimulus,150.0,165.0,157.5,14,0.001721593703885883
0.06,10.0,stimulus,165.0,180.0,172.5,16,0.001967535661583866
0.06,10.0,prior,-180.0,-165.0,-172.5,30,0.0036891293654697493
0.06,10.0,prior,-165.0,-150.0,-157.5,12,0.0014756517461878996
0.06,10.0,prior,-150.0,-135.0,-142.5,26,0.0031972454500737825
0.06,10.0,prior,-135.0,-120.0,-127.5,27,0.0033202164289227744
0.06,10.0,prior,-120.0,-105.0,-112.5,31,0.0038121003443187407
0.06,10.0,prior,-105.0,-90.0,-97.5,24,0.002951303492375799
0.06,10.0,prior,-90.0,-75.0,-82.5,30,0.0036891293654697493
0.06,10.0,prior,-75.0,-60.0,-67.5,73,0.00897688145597639
0.06,10.0,prior,-60.0,-45.0,-52.5,100,0.012297097884899164
0.06,10.0,prior,-45.0,-30.0,-37.5,222,0.027299557304476144
0.06,10.0,prior,-30.0,-15.0,-22.5,766,0.0941957697983276
0.06,10.0,prior,-15.0,0.0,-7.5,2692,0.33103787506148546
0.06,10.0,prior,0.0,15.0,7.5,2655,0.3264879488440728
0.06,10.0,prior,15.0,30.0,22.5,807,0.09923757993113626
0.06,10.0,prior,30.0,45.0,37.5,340,0.041810132808657155
0.06,10.0,prior,45.0,60.0,52.5,102,0.012543039842597147
0.06,10.0,prior,60.0,75.0,67.5,58,0.007132316773241515
0.06,10.0,prior,75.0,90.0,82.5,45,0.005533694048204624
0.06,10.0,prior,90.0,105.0,97.5,24,0.002951303492375799
0.06,10.0,prior,105.0,120.0,112.5,10,0.0012297097884899164
0.06,10.0,prior,120.0,135.0,127.5,15,0.0018445646827348746
0.06,10.0,prior,135.0,150.0,142.5,12,0.0014756517461878996
0.06,10.0,prior,150.0,165.0,157.5,12,0.0014756517461878996
0.06,10.0,prior,165.0,180.0,172.5,19,0.002336448598130841
0.06,20.0,stimulus,-180.0,-165.0,-172.5,25,0.0030596010280259456
0.06,20.0,stimulus,-165.0,-150.0,-157.5,32,0.00391628931587321
0.06,20.0,stimulus,-150.0,-135.0,-142.5,36,0.004405825480357361
0.06,20.0,stimulus,-135.0,-120.0,-127.5,40,0.004895361644841513
0.06,20.0,stimulus,-120.0,-105.0,-112.5,35,0.004283441439236323
0.06,20.0,stimulus,-105.0,-90.0,-97.5,39,0.004772977603720475
0.06,20.0,stimulus,-90.0,-75.0,-82.5,61,0.007465426508383307
0.06,20.0,stimulus,-75.0,-60.0,-67.5,95,0.011626483906498593
0.06,20.0,stimulus,-60.0,-45.0,-52.5,238,0.029127401786807
0.06,20.0,stimulus,-45.0,-30.0,-37.5,509,0.06229347693060825
0.06,20.0,stimulus,-30.0,-15.0,-22.5,1094,0.13388814098641538
0.06,20.0,stimulus,-15.0,0.0,-7.5,1648,0.20168889976747031
0.06,20.0,stimulus,0.0,15.0,7.5,1711,0.2093990943580957
0.06,20.0,stimulus,15.0,30.0,22.5,1219,0.1491861461265451
0.06,20.0,stimulus,30.0,45.0,37.5,715,0.08750458940154204
0.06,20.0,stimulus,45.0,60.0,52.5,358,0.04381348672133154
0.06,20.0,stimulus,60.0,75.0,67.5,139,0.017011381715824257
0.06,20.0,stimulus,75.0,90.0,82.5,67,0.008199730755109534
0.06,20.0,stimulus,90.0,105.0,97.5,22,0.002692448904662832
0.06,20.0,stimulus,105.0,120.0,112.5,21,0.002570064863541794
0.06,20.0,stimulus,120.0,135.0,127.5,17,0.002080528699057643
0.06,20.0,stimulus,135.0,150.0,142.5,17,0.002080528699057643
0.06,20.0,stimulus,150.0,165.0,157.5,16,0.001958144657936605
0.06,20.0,stimulus,165.0,180.0,172.5,17,0.002080528699057643
0.06,20.0,prior,-180.0,-165.0,-172.5,28,0.0034267531513890587
0.06,20.0,prior,-165.0,-150.0,-157.5,31,0.003793905274752172
0.06,20.0,prior,-150.0,-135.0,-142.5,31,0.003793905274752172
0.06,20.0,prior,-135.0,-120.0,-127.5,37,0.0045282095214784
0.06,20.0,prior,-120.0,-105.0,-112.5,45,0.005507281850446702
0.06,20.0,prior,-105.0,-90.0,-97.5,58,0.007098274385020194
0.06,20.0,prior,-90.0,-75.0,-82.5,45,0.005507281850446702
0.06,20.0,prior,-75.0,-60.0,-67.5,73,0.00893403500183576
0.06,20.0,prior,-60.0,-45.0,-52.5,117,0.014318932811161424
0.06,20.0,prior,-45.0,-30.0,-37.5,336,0.041121037816668704
0.06,20.0,prior,-30.0,-15.0,-22.5,842,0.10304736262391384
0.06,20.0,prior,-15.0,0.0,-7.5,2190,0.2680210500550728
0.06,20.0,prior,0.0,15.0,7.5,2229,0.2727940276587933
0.06,20.0,prior,15.0,30.0,22.5,1023,0.12519887406682167
0.06,20.0,prior,30.0,45.0,37.5,585,0.07159466405580713
0.06,20.0,prior,45.0,60.0,52.5,238,0.029127401786807
0.06,20.0,prior,60.0,75.0,67.5,107,0.013095092399951047
0.06,20.0,prior,75.0,90.0,82.5,52,0.006363970138293967
0.06,20.0,prior,90.0,105.0,97.5,23,0.00281483294578387
0.06,20.0,prior,105.0,120.0,112.5,18,0.0022029127401786805
0.06,20.0,prior,120.0,135.0,127.5,12,0.0014686084934524537
0.06,20.0,prior,135.0,150.0,142.5,16,0.001958144657936605
0.06,20.0,prior,150.0,165.0,157.5,10,0.0012238404112103782
0.06,20.0,prior,165.0,180.0,172.5,25,0.0030596010280259456
0.06,40.0,stimulus,-180.0,-165.0,-172.5,40,0.0051387461459403904
0.06,40.0,stimulus,-165.0,-150.0,-157.5,48,0.006166495375128468
0.06,40.0,stimulus,-150.0,-135.0,-142.5,57,0.007322713257965056
0.06,40.0,stimulus,-135.0,-120.0,-127.5,52,0.006680369989722507
0.06,40.0,stimulus,-120.0,-105.0,-112.5,100,0.012846865364850977
0.06,40.0,stimulus,-105.0,-90.0,-97.5,91,0.011690647482014389
0.06,40.0,stimulus,-90.0,-75.0,-82.5,180,0.023124357656731757
0.06,40.0,stimulus,-75.0,-60.0,-67.5,230,0.029547790339157245
0.06,40.0,stimulus,-60.0,-45.0,-52.5,400,0.051387461459403906
0.06,40.0,stimulus,-45.0,-30.0,-37.5,636,0.08170606372045221
0.06,40.0,stimulus,-30.0,-15.0,-22.5,887,0.11395169578622816
0.06,40.0,stimulus,-15.0,0.0,-7.5,1035,0.1329650565262076
0.06,40.0,stimulus,0.0,15.0,7.5,1071,0.13758992805755396
0.06,40.0,stimulus,15.0,30.0,22.5,874,0.11228160328879754
0.06,40.0,stimulus,30.0,45.0,37.5,720,0.09249743062692703
0.06,40.0,stimulus,45.0,60.0,52.5,450,0.0578108941418294
0.06,40.0,stimulus,60.0,75.0,67.5,320,0.041109969167523124
0.06,40.0,stimulus,75.0,90.0,82.5,176,0.022610483042137718
0.06,40.0,stimulus,90.0,105.0,97.5,145,0.018627954779033916
0.06,40.0,stimulus,105.0,120.0,112.5,84,0.01079136690647482
0.06,40.0,stimulus,120.0,135.0,127.5,69,0.008864337101747173
0.06,40.0,stimulus,135.0,150.0,142.5,39,0.0050102774922918805
0.06,40.0,stimulus,150.0,165.0,157.5,34,0.004367934224049332
0.06,40.0,stimulus,165.0,180.0,172.5,46,0.005909558067831449
0.06,40.0,prior,-180.0,-165.0,-172.5,49,0.006294964028776978
0.06,40.0,prior,-165.0,-150.0,-157.5,36,0.0046248715313463515
0.06,40.0,prior,-150.0,-135.0,-142.5,43,0.0055241521068859194
0.06,40.0,prior,-135.0,-120.0,-127.5,59,0.007579650565262076
0.06,40.0,prior,-120.0,-105.0,-112.5,95,0.012204522096608427
0.06,40.0,prior,-105.0,-90.0,-97.5,143,0.018371017471736896
0.06,40.0,prior,-90.0,-75.0,-82.5,205,0.026336073997944503
0.06,40.0,prior,-75.0,-60.0,-67.5,247,0.03173175745118191
0.06,40.0,prior,-60.0,-45.0,-52.5,277,0.0355858170606372
0.06,40.0,prior,-45.0,-30.0,-37.5,384,0.04933196300102775
0.06,40.0,prior,-30.0,-15.0,-22.5,740,0.09506680369989723
0.06,40.0,prior,-15.0,0.0,-7.5,1556,0.1998972250770812
0.06,40.0,prior,0.0,15.0,7.5,1266,0.16264131551901337
0.06,40.0,prior,15.0,30.0,22.5,756,0.09712230215827339
0.06,40.0,prior,30.0,45.0,37.5,581,0.07464028776978417
0.06,40.0,prior,45.0,60.0,52.5,466,0.05986639260020555
0.06,40.0,prior,60.0,75.0,67.5,310,0.039825282631038024
0.06,40.0,prior,75.0,90.0,82.5,236,0.030318602261048305
0.06,40.0,prior,90.0,105.0,97.5,109,0.014003083247687564
0.06,40.0,prior,105.0,120.0,112.5,69,0.008864337101747173
0.06,40.0,prior,120.0,135.0,127.5,33,0.0042394655704008225
0.06,40.0,prior,135.0,150.0,142.5,36,0.0046248715313463515
0.06,40.0,prior,150.0,165.0,157.5,46,0.005909558067831449
0.06,40.0,prior,165.0,180.0,172.5,42,0.00539568345323741
0.06,80.0,stimulus,-180.0,-165.0,-172.5,269,0.016143551581347896
0.06,80.0,stimulus,-165.0,-150.0,-157.5,232,0.013923063073876253
0.06,80.0,stimulus,-150.0,-135.0,-142.5,240,0.014403168697113364
0.06,80.0,stimulus,-135.0,-120.0,-127.5,279,0.016743683610394286
0.06,80.0,stimulus,-120.0,-105.0,-112.5,278,0.016683670407489647
0.06,80.0,stimulus,-105.0,-90.0,-97.5,341,0.020464502190481907
0.06,80.0,stimulus,-90.0,-75.0,-82.5,507,0.030426693872651983
0.06,80.0,stimulus,-75.0,-60.0,-67.5,585,0.035107723699213826
0.06,80.0,stimulus,-60.0,-45.0,-52.5,875,0.05251155254155914
0.06,80.0,stimulus,-45.0,-30.0,-37.5,1154,0.06925523615195343
0.06,80.0,stimulus,-30.0,-15.0,-22.5,1550,0.09302046450219048
0.06,80.0,stimulus,-15.0,0.0,-7.5,1830,0.1098241613154894
0.06,80.0,stimulus,0.0,15.0,7.5,1896,0.11378503270719559
0.06,80.0,stimulus,15.0,30.0,22.5,1558,0.09350057012542759
0.06,80.0,stimulus,30.0,45.0,37.5,1218,0.07309608113785032
0.06,80.0,stimulus,45.0,60.0,52.5,833,0.0499909980195643
0.06,80.0,stimulus,60.0,75.0,67.5,659,0.039548700714157115
0.06,80.0,stimulus,75.0,90.0,82.5,484,0.029046390205845287
0.06,80.0,stimulus,90.0,105.0,97.5,422,0.025325571625757666
0.06,80.0,stimulus,105.0,120.0,112.5,325,0.01950429094400768
0.06,80.0,stimulus,120.0,135.0,127.5,325,0.01950429094400768
0.06,80.0,stimulus,135.0,150.0,142.5,255,0.01530336674068295
0.06,80.0,stimulus,150.0,165.0,157.5,265,0.01590349876972934
0.06,80.0,stimulus,165.0,180.0,172.5,283,0.016983736422012844
0.06,80.0,prior,-180.0,-165.0,-172.5,405,0.024305347176378802
0.06,80.0,prior,-165.0,-150.0,-157.5,352,0.021124647422432936
0.06,80.0,prior,-150.0,-135.0,-142.5,407,0.024425373582188083
0.06,80.0,prior,-135.0,-120.0,-127.5,426,0.025565624437376224
0.06,80.0,prior,-120.0,-105.0,-112.5,554,0.03324731440917002
0.06,80.0,prior,-105.0,-90.0,-97.5,604,0.03624797455440197
0.06,80.0,prior,-90.0,-75.0,-82.5,613,0.03678809338054372
0.06,80.0,prior,-75.0,-60.0,-67.5,632,0.03792834423573186
0.06,80.0,prior,-60.0,-45.0,-52.5,550,0.03300726159755146
0.06,80.0,prior,-45.0,-30.0,-37.5,663,0.03978875352577567
0.06,80.0,prior,-30.0,-15.0,-22.5,1077,0.06463421952829622
0.06,80.0,prior,-15.0,0.0,-7.5,2036,0.12218688111384504
0.06,80.0,prior,0.0,15.0,7.5,1630,0.0978215207345616
0.06,80.0,prior,15.0,30.0,22.5,1107,0.0664346156154354
0.06,80.0,prior,30.0,45.0,37.5,883,0.05299165816479626
0.06,80.0,prior,45.0,60.0,52.5,790,0.047410430294664824
0.06,80.0,prior,60.0,75.0,67.5,788,0.047290403888855546
0.06,80.0,prior,75.0,90.0,82.5,802,0.048130588729520495
0.06,80.0,prior,90.0,105.0,97.5,590,0.03540778971373702
0.06,80.0,prior,105.0,120.0,112.5,422,0.025325571625757666
0.06,80.0,prior,120.0,135.0,127.5,307,0.01842405329172418
0.06,80.0,prior,135.0,150.0,142.5,318,0.019084198523675207
0.06,80.0,prior,150.0,165.0,157.5,341,0.020464502190481907
0.06,80.0,prior,165.0,180.0,172.5,366,0.02196483226309788
0.12,10.0,stimulus,-180.0,-165.0,-172.5,5,0.0008934953538241601
0.12,10.0,stimulus,-165.0,-150.0,-157.5,13,0.002323087919942816
0.12,10.0,stimulus,-150.0,-135.0,-142.5,6,0.001072194424588992
0.12,10.0,stimulus,-135.0,-120.0,-127.5,15,0.0026804860614724805
0.12,10.0,stimulus,-120.0,-105.0,-112.5,9,0.0016082916368834882
0.12,10.0,stimulus,-105.0,-90.0,-97.5,17,0.0030378842030021444
0.12,10.0,stimulus,-90.0,-75.0,-82.5,29,0.0051822730521801285
0.12,10.0,stimulus,-75.0,-60.0,-67.5,22,0.003931379556826304
0.12,10.0,stimulus,-60.0,-45.0,-52.5,67,0.011972837741243745
0.12,10.0,stimulus,-45.0,-30.0,-37.5,173,0.03091493924231594
0.12,10.0,stimulus,-30.0,-15.0,-22.5,688,0.12294496068620443
0.12,10.0,stimulus,-15.0,0.0,-7.5,1680,0.3002144388849178
0.12,10.0,stimulus,0.0,15.0,7.5,1755,0.3136168691922802
0.12,10.0,stimulus,15.0,30.0,22.5,751,0.13420300214438885
0.12,10.0,stimulus,30.0,45.0,37.5,232,0.04145818441744103
0.12,10.0,stimulus,45.0,60.0,52.5,66,0.011794138670478913
0.12,10.0,stimulus,60.0,75.0,67.5,22,0.003931379556826304
0.12,10.0,stimulus,75.0,90.0,82.5,10,0.0017869907076483202
0.12,10.0,stimulus,90.0,105.0,97.5,6,0.001072194424588992
0.12,10.0,stimulus,105.0,120.0,112.5,3,0.000536097212294496
0.12,10.0,stimulus,120.0,135.0,127.5,2,0.00035739814152966406
0.12,10.0,stimulus,135.0,150.0,142.5,8,0.0014295925661186562
0.12,10.0,stimulus,150.0,165.0,157.5,9,0.0016082916368834882
0.12,10.0,stimulus,165.0,180.0,172.5,8,0.0014295925661186562
0.12,10.0,prior,-180.0,-165.0,-172.5,8,0.0014295925661186562
0.12,10.0,prior,-165.0,-150.0,-157.5,12,0.002144388849177984
0.12,10.0,prior,-150.0,-135.0,-142.5,7,0.0012508934953538242
0.12,10.0,prior,-135.0,-120.0,-127.5,13,0.002323087919942816
0.12,10.0,prior,-120.0,-105.0,-112.5,8,0.0014295925661186562
0.12,10.0,prior,-105.0,-90.0,-97.5,22,0.003931379556826304
0.12,10.0,prior,-90.0,-75.0,-82.5,25,0.004467476769120801
0.12,10.0,prior,-75.0,-60.0,-67.5,32,0.005718370264474625
0.12,10.0,prior,-60.0,-45.0,-52.5,48,0.008577555396711936
0.12,10.0,prior,-45.0,-30.0,-37.5,158,0.028234453180843458
0.12,10.0,prior,-30.0,-15.0,-22.5,514,0.09185132237312366
0.12,10.0,prior,-15.0,0.0,-7.5,1979,0.35364546104360256
0.12,10.0,prior,0.0,15.0,7.5,1797,0.32112223016440317
0.12,10.0,prior,15.0,30.0,22.5,619,0.11061472480343103
0.12,10.0,prior,30.0,45.0,37.5,219,0.03913509649749821
0.12,10.0,prior,45.0,60.0,52.5,65,0.011615439599714082
0.12,10.0,prior,60.0,75.0,67.5,23,0.004110078627591137
0.12,10.0,prior,75.0,90.0,82.5,14,0.0025017869907076485
0.12,10.0,prior,90.0,105.0,97.5,5,0.0008934953538241601
0.12,10.0,prior,105.0,120.0,112.5,3,0.000536097212294496
0.12,10.0,prior,120.0,135.0,127.5,3,0.000536097212294496
0.12,10.0,prior,135.0,150.0,142.5,7,0.0012508934953538242
0.12,10.0,prior,150.0,165.0,157.5,9,0.0016082916368834882
0.12,10.0,prior,165.0,180.0,172.5,6,0.001072194424588992
0.12,20.0,stimulus,-180.0,-165.0,-172.5,9,0.0015189873417721519
0.12,20.0,stimulus,-165.0,-150.0,-157.5,6,0.0010126582278481013
0.12,20.0,stimulus,-150.0,-135.0,-142.5,12,0.0020253164556962027
0.12,20.0,stimulus,-135.0,-120.0,-127.5,20,0.0033755274261603376
0.12,20.0,stimulus,-120.0,-105.0,-112.5,14,0.002362869198312236
0.12,20.0,stimulus,-105.0,-90.0,-97.5,18,0.0030379746835443038
0.12,20.0,stimulus,-90.0,-75.0,-82.5,14,0.002362869198312236
0.12,20.0,stimulus,-75.0,-60.0,-67.5,55,0.009282700421940928
0.12,20.0,stimulus,-60.0,-45.0,-52.5,122,0.020590717299578058
0.12,20.0,stimulus,-45.0,-30.0,-37.5,331,0.05586497890295359
0.12,20.0,stimulus,-30.0,-15.0,-22.5,761,0.12843881856540085
0.12,20.0,stimulus,-15.0,0.0,-7.5,1379,0.23274261603375526
0.12,20.0,stimulus,0.0,15.0,7.5,1480,0.249789029535865
0.12,20.0,stimulus,15.0,30.0,22.5,967,0.16320675105485233
0.12,20.0,stimulus,30.0,45.0,37.5,454,0.07662447257383967
0.12,20.0,stimulus,45.0,60.0,52.5,163,0.02751054852320675
0.12,20.0,stimulus,60.0,75.0,67.5,54,0.009113924050632912
0.12,20.0,stimulus,75.0,90.0,82.5,24,0.004050632911392405
0.12,20.0,stimulus,90.0,105.0,97.5,14,0.002362869198312236
0.12,20.0,stimulus,105.0,120.0,112.5,5,0.0008438818565400844
0.12,20.0,stimulus,120.0,135.0,127.5,3,0.0005063291139240507
0.12,20.0,stimulus,135.0,150.0,142.5,3,0.0005063291139240507
0.12,20.0,stimulus,150.0,165.0,157.5,8,0.001350210970464135
0.12,20.0,stimulus,165.0,180.0,172.5,9,0.0015189873417721519
0.12,20.0,prior,-180.0,-165.0,-172.5,6,0.0010126582278481013
0.12,20.0,prior,-165.0,-150.0,-157.5,12,0.0020253164556962027
0.12,20.0,prior,-150.0,-135.0,-142.5,13,0.0021940928270042194
0.12,20.0,prior,-135.0,-120.0,-127.5,13,0.0021940928270042194
0.12,20.0,prior,-120.0,-105.0,-112.5,17,0.002869198312236287
0.12,20.0,prior,-105.0,-90.0,-97.5,20,0.0033755274261603376
0.12,20.0,prior,-90.0,-75.0,-82.5,31,0.0052320675105485236
0.12,20.0,prior,-75.0,-60.0,-67.5,61,0.010295358649789029
0.12,20.0,prior,-60.0,-45.0,-52.5,112,0.01890295358649789
0.12,20.0,prior,-45.0,-30.0,-37.5,262,0.04421940928270042
0.12,20.0,prior,-30.0,-15.0,-22.5,654,0.11037974683544304
0.12,20.0,prior,-15.0,0.0,-7.5,1597,0.269535864978903
0.12,20.0,prior,0.0,15.0,7.5,1561,0.26345991561181437
0.12,20.0,prior,15.0,30.0,22.5,801,0.1351898734177215
0.12,20.0,prior,30.0,45.0,37.5,461,0.07780590717299578
0.12,20.0,prior,45.0,60.0,52.5,184,0.031054852320675105
0.12,20.0,prior,60.0,75.0,67.5,51,0.008607594936708861
0.12,20.0,prior,75.0,90.0,82.5,24,0.004050632911392405
0.12,20.0,prior,90.0,105.0,97.5,12,0.0020253164556962027
0.12,20.0,prior,105.0,120.0,112.5,8,0.001350210970464135
0.12,20.0,prior,120.0,135.0,127.5,5,0.0008438818565400844
0.12,20.0,prior,135.0,150.0,142.5,4,0.0006751054852320675
0.12,20.0,prior,150.0,165.0,157.5,9,0.0015189873417721519
0.12,20.0,prior,165.0,180.0,172.5,7,0.001181434599156118
0.12,40.0,stimulus,-180.0,-165.0,-172.5,13,0.0022402205755643633
0.12,40.0,stimulus,-165.0,-150.0,-157.5,13,0.0022402205755643633
0.12,40.0,stimulus,-150.0,-135.0,-142.5,13,0.0022402205755643633
0.12,40.0,stimulus,-135.0,-120.0,-127.5,26,0.004480441151128727
0.12,40.0,stimulus,-120.0,-105.0,-112.5,24,0.004135791831811132
0.12,40.0,stimulus,-105.0,-90.0,-97.5,49,0.008443908323281062
0.12,40.0,stimulus,-90.0,-75.0,-82.5,63,0.010856453558504222
0.12,40.0,stimulus,-75.0,-60.0,-67.5,124,0.02136825779769085
0.12,40.0,stimulus,-60.0,-45.0,-52.5,226,0.03894537308288816
0.12,40.0,stimulus,-45.0,-30.0,-37.5,393,0.0677235912459073
0.12,40.0,stimulus,-30.0,-15.0,-22.5,753,0.12976046872307428
0.12,40.0,stimulus,-15.0,0.0,-7.5,1157,0.19937963122522834
0.12,40.0,stimulus,0.0,15.0,7.5,1164,0.20058590384283992
0.12,40.0,stimulus,15.0,30.0,22.5,820,0.1413062209202137
0.12,40.0,stimulus,30.0,45.0,37.5,443,0.07633982422884715
0.12,40.0,stimulus,45.0,60.0,52.5,221,0.038083749784594174
0.12,40.0,stimulus,60.0,75.0,67.5,123,0.02119593313803205
0.12,40.0,stimulus,75.0,90.0,82.5,58,0.009994830260210237
0.12,40.0,stimulus,90.0,105.0,97.5,43,0.007409960365328278
0.12,40.0,stimulus,105.0,120.0,112.5,25,0.00430811649146993
0.12,40.0,stimulus,120.0,135.0,127.5,15,0.0025848698948819577
0.12,40.0,stimulus,135.0,150.0,142.5,12,0.002067895915905566
0.12,40.0,stimulus,150.0,165.0,157.5,11,0.001895571256246769
0.12,40.0,stimulus,165.0,180.0,172.5,14,0.0024125452352231603
0.12,40.0,prior,-180.0,-165.0,-172.5,9,0.0015509219369291745
0.12,40.0,prior,-165.0,-150.0,-157.5,7,0.0012062726176115801
0.12,40.0,prior,-150.0,-135.0,-142.5,17,0.002929519214199552
0.12,40.0,prior,-135.0,-120.0,-127.5,17,0.002929519214199552
0.12,40.0,prior,-120.0,-105.0,-112.5,47,0.008099259003963468
0.12,40.0,prior,-105.0,-90.0,-97.5,115,0.019817335860761676
0.12,40.0,prior,-90.0,-75.0,-82.5,169,0.029122867482336723
0.12,40.0,prior,-75.0,-60.0,-67.5,218,0.037566775805617784
0.12,40.0,prior,-60.0,-45.0,-52.5,253,0.043598138893675684
0.12,40.0,prior,-45.0,-30.0,-37.5,371,0.06393244873341375
0.12,40.0,prior,-30.0,-15.0,-22.5,588,0.10132689987937274
0.12,40.0,prior,-15.0,0.0,-7.5,1075,0.18524900913320697
0.12,40.0,prior,0.0,15.0,7.5,950,0.1637084266758573
0.12,40.0,prior,15.0,30.0,22.5,586,0.10098225056005515
0.12,40.0,prior,30.0,45.0,37.5,513,0.08840255040496295
0.12,40.0,prior,45.0,60.0,52.5,341,0.058762708943649836
0.12,40.0,prior,60.0,75.0,67.5,234,0.040323970360158536
0.12,40.0,prior,75.0,90.0,82.5,138,0.02378080303291401
0.12,40.0,prior,90.0,105.0,97.5,79,0.013613648113044977
0.12,40.0,prior,105.0,120.0,112.5,18,0.003101843873858349
0.12,40.0,prior,120.0,135.0,127.5,20,0.0034464931931759437
0.12,40.0,prior,135.0,150.0,142.5,17,0.002929519214199552
0.12,40.0,prior,150.0,165.0,157.5,10,0.0017232465965879718
0.12,40.0,prior,165.0,180.0,172.5,11,0.001895571256246769
0.12,80.0,stimulus,-180.0,-165.0,-172.5,95,0.008197428596082492
0.12,80.0,stimulus,-165.0,-150.0,-157.5,71,0.006126499266545862
0.12,80.0,stimulus,-150.0,-135.0,-142.5,79,0.006816809043058072
0.12,80.0,stimulus,-135.0,-120.0,-127.5,70,0.006040210544481836
0.12,80.0,stimulus,-120.0,-105.0,-112.5,69,0.00595392182241781
0.12,80.0,stimulus,-105.0,-90.0,-97.5,109,0.009405470704978859
0.12,80.0,stimulus,-90.0,-75.0,-82.5,152,0.013115885753731987
0.12,80.0,stimulus,-75.0,-60.0,-67.5,197,0.01699887824661317
0.12,80.0,stimulus,-60.0,-45.0,-52.5,419,0.03615497454482699
0.12,80.0,stimulus,-45.0,-30.0,-37.5,791,0.06825437915264475
0.12,80.0,stimulus,-30.0,-15.0,-22.5,1526,0.13167658986970404
0.12,80.0,stimulus,-15.0,0.0,-7.5,2264,0.19535766675295538
0.12,80.0,stimulus,0.0,15.0,7.5,2225,0.19199240659245836
0.12,80.0,stimulus,15.0,30.0,22.5,1435,0.12382431616187764
0.12,80.0,stimulus,30.0,45.0,37.5,789,0.0680818017085167
0.12,80.0,stimulus,45.0,60.0,52.5,405,0.034946932435930625
0.12,80.0,stimulus,60.0,75.0,67.5,209,0.018034342911381483
0.12,80.0,stimulus,75.0,90.0,82.5,130,0.01121753386832341
0.12,80.0,stimulus,90.0,105.0,97.5,118,0.010182069203555095
0.12,80.0,stimulus,105.0,120.0,112.5,79,0.006816809043058072
0.12,80.0,stimulus,120.0,135.0,127.5,88,0.0075934075416343085
0.12,80.0,stimulus,135.0,150.0,142.5,91,0.007852273707826388
0.12,80.0,stimulus,150.0,165.0,157.5,85,0.007334541375442229
0.12,80.0,stimulus,165.0,180.0,172.5,93,0.00802485115195444
0.12,80.0,prior,-180.0,-165.0,-172.5,237,0.020450427129174217
0.12,80.0,prior,-165.0,-150.0,-157.5,226,0.019501251186469927
0.12,80.0,prior,-150.0,-135.0,-142.5,232,0.020018983518854085
0.12,80.0,prior,-135.0,-120.0,-127.5,265,0.02286651134696695
0.12,80.0,prior,-120.0,-105.0,-112.5,377,0.03253084821813789
0.12,80.0,prior,-105.0,-90.0,-97.5,461,0.03977910087151609
0.12,80.0,prior,-90.0,-75.0,-82.5,544,0.04694106480283027
0.12,80.0,prior,-75.0,-60.0,-67.5,551,0.04754508585727845
0.12,80.0,prior,-60.0,-45.0,-52.5,476,0.04107343170247649
0.12,80.0,prior,-45.0,-30.0,-37.5,471,0.040641988092156356
0.12,80.0,prior,-30.0,-15.0,-22.5,763,0.06583829493485202
0.12,80.0,prior,-15.0,0.0,-7.5,1268,0.10941409957718526
0.12,80.0,prior,0.0,15.0,7.5,1055,0.09103460177754767
0.12,80.0,prior,15.0,30.0,22.5,720,0.062127879886098886
0.12,80.0,prior,30.0,45.0,37.5,654,0.056432824229873155
0.12,80.0,prior,45.0,60.0,52.5,525,0.04530157908361377
0.12,80.0,prior,60.0,75.0,67.5,560,0.04832168435585469
0.12,80.0,prior,75.0,90.0,82.5,627,0.054103028734144444
0.12,80.0,prior,90.0,105.0,97.5,450,0.03882992492881181
0.12,80.0,prior,105.0,120.0,112.5,251,0.021658469238070584
0.12,80.0,prior,120.0,135.0,127.5,232,0.020018983518854085
0.12,80.0,prior,135.0,150.0,142.5,204,0.01760289930106135
0.12,80.0,prior,150.0,165.0,157.5,216,0.018638363965829668
0.12,80.0,prior,165.0,180.0,172.5,224,0.019328673742341877
0.24,10.0,stimulus,-180.0,-165.0,-172.5,0,0.0
0.24,10.0,stimulus,-165.0,-150.0,-157.5,2,0.0007032348804500703
0.24,10.0,stimulus,-150.0,-135.0,-142.5,0,0.0
0.24,10.0,stimulus,-135.0,-120.0,-127.5,0,0.0
0.24,10.0,stimulus,-120.0,-105.0,-112.5,1,0.00035161744022503517
0.24,10.0,stimulus,-105.0,-90.0,-97.5,4,0.0014064697609001407
0.24,10.0,stimulus,-90.0,-75.0,-82.5,4,0.0014064697609001407
0.24,10.0,stimulus,-75.0,-60.0,-67.5,6,0.002109704641350211
0.24,10.0,stimulus,-60.0,-45.0,-52.5,13,0.004571026722925457
0.24,10.0,stimulus,-45.0,-30.0,-37.5,50,0.017580872011251757
0.24,10.0,stimulus,-30.0,-15.0,-22.5,268,0.09423347398030943
0.24,10.0,stimulus,-15.0,0.0,-7.5,1005,0.35337552742616035
0.24,10.0,stimulus,0.0,15.0,7.5,1076,0.37834036568213786
0.24,10.0,stimulus,15.0,30.0,22.5,335,0.11779184247538678
0.24,10.0,stimulus,30.0,45.0,37.5,62,0.02180028129395218
0.24,10.0,stimulus,45.0,60.0,52.5,12,0.004219409282700422
0.24,10.0,stimulus,60.0,75.0,67.5,1,0.00035161744022503517
0.24,10.0,stimulus,75.0,90.0,82.5,2,0.0007032348804500703
0.24,10.0,stimulus,90.0,105.0,97.5,1,0.00035161744022503517
0.24,10.0,stimulus,105.0,120.0,112.5,1,0.00035161744022503517
0.24,10.0,stimulus,120.0,135.0,127.5,0,0.0
0.24,10.0,stimulus,135.0,150.0,142.5,0,0.0
0.24,10.0,stimulus,150.0,165.0,157.5,1,0.00035161744022503517
0.24,10.0,stimulus,165.0,180.0,172.5,0,0.0
0.24,10.0,prior,-180.0,-165.0,-172.5,0,0.0
0.24,10.0,prior,-165.0,-150.0,-157.5,1,0.00035161744022503517
0.24,10.0,prior,-150.0,-135.0,-142.5,1,0.00035161744022503517
0.24,10.0,prior,-135.0,-120.0,-127.5,1,0.00035161744022503517
0.24,10.0,prior,-120.0,-105.0,-112.5,0,0.0
0.24,10.0,prior,-105.0,-90.0,-97.5,6,0.002109704641350211
0.24,10.0,prior,-90.0,-75.0,-82.5,3,0.0010548523206751054
0.24,10.0,prior,-75.0,-60.0,-67.5,11,0.003867791842475387
0.24,10.0,prior,-60.0,-45.0,-52.5,18,0.006329113924050633
0.24,10.0,prior,-45.0,-30.0,-37.5,55,0.019338959212376935
0.24,10.0,prior,-30.0,-15.0,-22.5,259,0.09106891701828411
0.24,10.0,prior,-15.0,0.0,-7.5,1037,0.3646272855133615
0.24,10.0,prior,0.0,15.0,7.5,996,0.350210970464135
0.24,10.0,prior,15.0,30.0,22.5,328,0.11533052039381153
0.24,10.0,prior,30.0,45.0,37.5,97,0.03410689170182841
0.24,10.0,prior,45.0,60.0,52.5,23,0.00808720112517581
0.24,10.0,prior,60.0,75.0,67.5,4,0.0014064697609001407
0.24,10.0,prior,75.0,90.0,82.5,1,0.00035161744022503517
0.24,10.0,prior,90.0,105.0,97.5,0,0.0
0.24,10.0,prior,105.0,120.0,112.5,2,0.0007032348804500703
0.24,10.0,prior,120.0,135.0,127.5,0,0.0
0.24,10.0,prior,135.0,150.0,142.5,0,0.0
0.24,10.0,prior,150.0,165.0,157.5,0,0.0
0.24,10.0,prior,165.0,180.0,172.5,1,0.00035161744022503517
0.24,20.0,stimulus,-180.0,-165.0,-172.5,1,0.00042158516020236085
0.24,20.0,stimulus,-165.0,-150.0,-157.5,1,0.00042158516020236085
0.24,20.0,stimulus,-150.0,-135.0,-142.5,0,0.0
0.24,20.0,stimulus,-135.0,-120.0,-127.5,1,0.00042158516020236085
0.24,20.0,stimulus,-120.0,-105.0,-112.5,2,0.0008431703204047217
0.24,20.0,stimulus,-105.0,-90.0,-97.5,0,0.0
0.24,20.0,stimulus,-90.0,-75.0,-82.5,1,0.00042158516020236085
0.24,20.0,stimulus,-75.0,-60.0,-67.5,6,0.002529510961214165
0.24,20.0,stimulus,-60.0,-45.0,-52.5,11,0.00463743676222597
0.24,20.0,stimulus,-45.0,-30.0,-37.5,75,0.031618887015177066
0.24,20.0,stimulus,-30.0,-15.0,-22.5,252,0.10623946037099494
0.24,20.0,stimulus,-15.0,0.0,-7.5,746,0.3145025295109612
0.24,20.0,stimulus,0.0,15.0,7.5,919,0.3874367622259696
0.24,20.0,stimulus,15.0,30.0,22.5,286,0.1205733558178752
0.24,20.0,stimulus,30.0,45.0,37.5,53,0.022344013490725127
0.24,20.0,stimulus,45.0,60.0,52.5,9,0.0037942664418212477
0.24,20.0,stimulus,60.0,75.0,67.5,3,0.0012647554806070826
0.24,20.0,stimulus,75.0,90.0,82.5,2,0.0008431703204047217
0.24,20.0,stimulus,90.0,105.0,97.5,0,0.0
0.24,20.0,stimulus,105.0,120.0,112.5,2,0.0008431703204047217
0.24,20.0,stimulus,120.0,135.0,127.5,0,0.0
0.24,20.0,stimulus,135.0,150.0,142.5,0,0.0
0.24,20.0,stimulus,150.0,165.0,157.5,1,0.00042158516020236085
0.24,20.0,stimulus,165.0,180.0,172.5,1,0.00042158516020236085
0.24,20.0,prior,-180.0,-165.0,-172.5,1,0.00042158516020236085
0.24,20.0,prior,-165.0,-150.0,-157.5,1,0.00042158516020236085
0.24,20.0,prior,-150.0,-135.0,-142.5,0,0.0
0.24,20.0,prior,-135.0,-120.0,-127.5,0,0.0
0.24,20.0,prior,-120.0,-105.0,-112.5,1,0.00042158516020236085
0.24,20.0,prior,-105.0,-90.0,-97.5,1,0.00042158516020236085
0.24,20.0,prior,-90.0,-75.0,-82.5,5,0.0021079258010118043
0.24,20.0,prior,-75.0,-60.0,-67.5,16,0.006745362563237774
0.24,20.0,prior,-60.0,-45.0,-52.5,47,0.01981450252951096
0.24,20.0,prior,-45.0,-30.0,-37.5,135,0.05691399662731872
0.24,20.0,prior,-30.0,-15.0,-22.5,301,0.12689713322091062
0.24,20.0,prior,-15.0,0.0,-7.5,679,0.286256323777403
0.24,20.0,prior,0.0,15.0,7.5,633,0.2668634064080944
0.24,20.0,prior,15.0,30.0,22.5,302,0.12731871838111297
0.24,20.0,prior,30.0,45.0,37.5,188,0.07925801011804384
0.24,20.0,prior,45.0,60.0,52.5,48,0.02023608768971332
0.24,20.0,prior,60.0,75.0,67.5,7,0.002951096121416526
0.24,20.0,prior,75.0,90.0,82.5,2,0.0008431703204047217
0.24,20.0,prior,90.0,105.0,97.5,2,0.0008431703204047217
0.24,20.0,prior,105.0,120.0,112.5,1,0.00042158516020236085
0.24,20.0,prior,120.0,135.0,127.5,1,0.00042158516020236085
0.24,20.0,prior,135.0,150.0,142.5,1,0.00042158516020236085
0.24,20.0,prior,150.0,165.0,157.5,0,0.0
0.24,20.0,prior,165.0,180.0,172.5,0,0.0
0.24,40.0,stimulus,-180.0,-165.0,-172.5,3,0.0012908777969018934
0.24,40.0,stimulus,-165.0,-150.0,-157.5,0,0.0
0.24,40.0,stimulus,-150.0,-135.0,-142.5,4,0.0017211703958691911
0.24,40.0,stimulus,-135.0,-120.0,-127.5,0,0.0
0.24,40.0,stimulus,-120.0,-105.0,-112.5,0,0.0
0.24,40.0,stimulus,-105.0,-90.0,-97.5,5,0.0021514629948364886
0.24,40.0,stimulus,-90.0,-75.0,-82.5,6,0.0025817555938037868
0.24,40.0,stimulus,-75.0,-60.0,-67.5,11,0.004733218588640275
0.24,40.0,stimulus,-60.0,-45.0,-52.5,30,0.012908777969018933
0.24,40.0,stimulus,-45.0,-30.0,-37.5,81,0.034853700516351116
0.24,40.0,stimulus,-30.0,-15.0,-22.5,294,0.12650602409638553
0.24,40.0,stimulus,-15.0,0.0,-7.5,736,0.31669535283993117
0.24,40.0,stimulus,0.0,15.0,7.5,708,0.3046471600688468
0.24,40.0,stimulus,15.0,30.0,22.5,344,0.14802065404475043
0.24,40.0,stimulus,30.0,45.0,37.5,69,0.029690189328743545
0.24,40.0,stimulus,45.0,60.0,52.5,14,0.006024096385542169
0.24,40.0,stimulus,60.0,75.0,67.5,5,0.0021514629948364886
0.24,40.0,stimulus,75.0,90.0,82.5,2,0.0008605851979345956
0.24,40.0,stimulus,90.0,105.0,97.5,4,0.0017211703958691911
0.24,40.0,stimulus,105.0,120.0,112.5,3,0.0012908777969018934
0.24,40.0,stimulus,120.0,135.0,127.5,3,0.0012908777969018934
0.24,40.0,stimulus,135.0,150.0,142.5,1,0.0004302925989672978
0.24,40.0,stimulus,150.0,165.0,157.5,1,0.0004302925989672978
0.24,40.0,stimulus,165.0,180.0,172.5,0,0.0
0.24,40.0,prior,-180.0,-165.0,-172.5,3,0.0012908777969018934
0.24,40.0,prior,-165.0,-150.0,-157.5,0,0.0
0.24,40.0,prior,-150.0,-135.0,-142.5,0,0.0
0.24,40.0,prior,-135.0,-120.0,-127.5,3,0.0012908777969018934
0.24,40.0,prior,-120.0,-105.0,-112.5,7,0.0030120481927710845
0.24,40.0,prior,-105.0,-90.0,-97.5,20,0.008605851979345954
0.24,40.0,prior,-90.0,-75.0,-82.5,52,0.022375215146299483
0.24,40.0,prior,-75.0,-60.0,-67.5,116,0.04991394148020654
0.24,40.0,prior,-60.0,-45.0,-52.5,144,0.06196213425129088
0.24,40.0,prior,-45.0,-30.0,-37.5,175,0.07530120481927711
0.24,40.0,prior,-30.0,-15.0,-22.5,256,0.11015490533562823
0.24,40.0,prior,-15.0,0.0,-7.5,429,0.18459552495697074
0.24,40.0,prior,0.0,15.0,7.5,348,0.14974182444061962
0.24,40.0,prior,15.0,30.0,22.5,211,0.09079173838209983
0.24,40.0,prior,30.0,45.0,37.5,210,0.09036144578313253
0.24,40.0,prior,45.0,60.0,52.5,191,0.08218588640275387
0.24,40.0,prior,60.0,75.0,67.5,91,0.0391566265060241
0.24,40.0,prior,75.0,90.0,82.5,51,0.021944922547332185
0.24,40.0,prior,90.0,105.0,97.5,12,0.0051635111876075735
0.24,40.0,prior,105.0,120.0,112.5,2,0.0008605851979345956
0.24,40.0,prior,120.0,135.0,127.5,2,0.0008605851979345956
0.24,40.0,prior,135.0,150.0,142.5,0,0.0
0.24,40.0,prior,150.0,165.0,157.5,1,0.0004302925989672978
0.24,40.0,prior,165.0,180.0,172.5,0,0.0
0.24,80.0,stimulus,-180.0,-165.0,-172.5,13,0.002164141834526386
0.24,80.0,stimulus,-165.0,-150.0,-157.5,11,0.001831196936906942
0.24,80.0,stimulus,-150.0,-135.0,-142.5,6,0.000998834692858332
0.24,80.0,stimulus,-135.0,-120.0,-127.5,8,0.001331779590477776
0.24,80.0,stimulus,-120.0,-105.0,-112.5,8,0.001331779590477776
0.24,80.0,stimulus,-105.0,-90.0,-97.5,12,0.001997669385716664
0.24,80.0,stimulus,-90.0,-75.0,-82.5,14,0.002330614283336108
0.24,80.0,stimulus,-75.0,-60.0,-67.5,24,0.003995338771433328
0.24,80.0,stimulus,-60.0,-45.0,-52.5,81,0.013484268353587481
0.24,80.0,stimulus,-45.0,-30.0,-37.5,209,0.034792741801231895
0.24,80.0,stimulus,-30.0,-15.0,-22.5,864,0.1438321957715998
0.24,80.0,stimulus,-15.0,0.0,-7.5,1819,0.3028133843848843
0.24,80.0,stimulus,0.0,15.0,7.5,1834,0.30531047111703014
0.24,80.0,stimulus,15.0,30.0,22.5,787,0.1310138172132512
0.24,80.0,stimulus,30.0,45.0,37.5,174,0.028966206092891626
0.24,80.0,stimulus,45.0,60.0,52.5,44,0.007324787747627768
0.24,80.0,stimulus,60.0,75.0,67.5,20,0.00332944897619444
0.24,80.0,stimulus,75.0,90.0,82.5,9,0.001498252039287498
0.24,80.0,stimulus,90.0,105.0,97.5,10,0.00166472448809722
0.24,80.0,stimulus,105.0,120.0,112.5,9,0.001498252039287498
0.24,80.0,stimulus,120.0,135.0,127.5,11,0.001831196936906942
0.24,80.0,stimulus,135.0,150.0,142.5,13,0.002164141834526386
0.24,80.0,stimulus,150.0,165.0,157.5,11,0.001831196936906942
0.24,80.0,stimulus,165.0,180.0,172.5,16,0.002663559180955552
0.24,80.0,prior,-180.0,-165.0,-172.5,42,0.006991842850008324
0.24,80.0,prior,-165.0,-150.0,-157.5,69,0.011486598967870817
0.24,80.0,prior,-150.0,-135.0,-142.5,114,0.018977859164308306
0.24,80.0,prior,-135.0,-120.0,-127.5,171,0.02846678874646246
0.24,80.0,prior,-120.0,-105.0,-112.5,216,0.03595804894289995
0.24,80.0,prior,-105.0,-90.0,-97.5,281,0.04677875811553188
0.24,80.0,prior,-90.0,-75.0,-82.5,318,0.052938238721491594
0.24,80.0,prior,-75.0,-60.0,-67.5,275,0.04577992342267355
0.24,80.0,prior,-60.0,-45.0,-52.5,303,0.05044115198934576
0.24,80.0,prior,-45.0,-30.0,-37.5,321,0.05343765606792076
0.24,80.0,prior,-30.0,-15.0,-22.5,369,0.061428333610787415
0.24,80.0,prior,-15.0,0.0,-7.5,602,0.10021641418345263
0.24,80.0,prior,0.0,15.0,7.5,523,0.0870650907274846
0.24,80.0,prior,15.0,30.0,22.5,323,0.053770600965540205
0.24,80.0,prior,30.0,45.0,37.5,358,0.059597136673880474
0.24,80.0,prior,45.0,60.0,52.5,312,0.051939404028633264
0.24,80.0,prior,60.0,75.0,67.5,252,0.04195105710004994
0.24,80.0,prior,75.0,90.0,82.5,333,0.05543532545363742
0.24,80.0,prior,90.0,105.0,97.5,245,0.04078574995838189
0.24,80.0,prior,105.0,120.0,112.5,171,0.02846678874646246
0.24,80.0,prior,120.0,135.0,127.5,164,0.027301481604794408
0.24,80.0,prior,135.0,150.0,142.5,115,0.01914433161311803
0.24,80.0,prior,150.0,165.0,157.5,80,0.01331779590477776
0.24,80.0,prior,165.0,180.0,172.5,50,0.0083236224404861
